title,url,description,test_type
,https://www.shl.com/products/,"Our Products | SHL Search Outdated browser detected We recommend upgrading to a modern browser. If you choose to continue with your current browser we cannot guarantee your experience. I understand and wish to continue Latest browser options Careers Our Culture Our Teams Our People Join SHL Latest Jobs Contact Practice Tests Support Candidate Support Answers to frequently asked questions for technical queries when taking a test Client Support Answers to frequently asked questions about our products, services and supporting documentation Contact Us Get help from our support teams Practice Site ",K
Measure Past Performance and Future Potential,https://www.shl.com/products/360/,"360 Tools | SHL Search Outdated browser detected We recommend upgrading to a modern browser. If you choose to continue with your current browser we cannot guarantee your experience. I understand and wish to continue Latest browser options Careers Our Culture Our Teams Our People Join SHL Latest Jobs Contact Practice Tests Support Candidate Support Answers to frequently asked questions for technical queries when taking a test Client Support Answers to frequently asked questions about our products, services and supporting documentation Contact Us Get help from our support teams Practice Site & A",K
,https://www.shl.com/products/assessments/,"Talent Assessment | Recruitment Assessment Tool | SHL Search Outdated browser detected We recommend upgrading to a modern browser. If you choose to continue with your current browser we cannot guarantee your experience. I understand and wish to continue Latest browser options Careers Our Culture Our Teams Our People Join SHL Latest Jobs Contact Practice Tests Support Candidate Support Answers to frequently asked questions for technical queries when taking a test Client Support Answers to frequently asked questions about our products, services and supporting documentation Contact Us Get help fr",K
Go Digital and Deliver a Superior Experience,https://www.shl.com/products/assessments/assessment-and-development-centers/,"Virtual Assessment and Development Centers | SHL Search Outdated browser detected We recommend upgrading to a modern browser. If you choose to continue with your current browser we cannot guarantee your experience. I understand and wish to continue Latest browser options Careers Our Culture Our Teams Our People Join SHL Latest Jobs Contact Practice Tests Support Candidate Support Answers to frequently asked questions for technical queries when taking a test Client Support Answers to frequently asked questions about our products, services and supporting documentation Contact Us Get help from ou",K
,https://www.shl.com/products/assessments/behavioral-assessments/,"Behavioral Assessment Tools | Behavior Assessment Tests | SHL Search Outdated browser detected We recommend upgrading to a modern browser. If you choose to continue with your current browser we cannot guarantee your experience. I understand and wish to continue Latest browser options Careers Our Culture Our Teams Our People Join SHL Latest Jobs Contact Practice Tests Support Candidate Support Answers to frequently asked questions for technical queries when taking a test Client Support Answers to frequently asked questions about our products, services and supporting documentation Contact Us Get",K
Situational Judgement Tests,https://www.shl.com/products/assessments/behavioral-assessments/situation-judgement-tests-sjt/,"Situational Judgment Tests (SJT) | SHL Search Outdated browser detected We recommend upgrading to a modern browser. If you choose to continue with your current browser we cannot guarantee your experience. I understand and wish to continue Latest browser options Careers Our Culture Our Teams Our People Join SHL Latest Jobs Contact Practice Tests Support Candidate Support Answers to frequently asked questions for technical queries when taking a test Client Support Answers to frequently asked questions about our products, services and supporting documentation Contact Us Get help from our support ",K
SHL Cognitive Assessments,https://www.shl.com/products/assessments/cognitive-assessments/,"Cognitive Ability Tests | Cognitive Assessments | SHL Search Outdated browser detected We recommend upgrading to a modern browser. If you choose to continue with your current browser we cannot guarantee your experience. I understand and wish to continue Latest browser options Careers Our Culture Our Teams Our People Join SHL Latest Jobs Contact Practice Tests Support Candidate Support Answers to frequently asked questions for technical queries when taking a test Client Support Answers to frequently asked questions about our products, services and supporting documentation Contact Us Get help fr",K
Skills Assessments that Predict On-the-job Success,https://www.shl.com/products/assessments/job-focused-assessments/,"Job-Focused Assessments | Skills Assessments | SHL Search Outdated browser detected We recommend upgrading to a modern browser. If you choose to continue with your current browser we cannot guarantee your experience. I understand and wish to continue Latest browser options Careers Our Culture Our Teams Our People Join SHL Latest Jobs Contact Practice Tests Support Candidate Support Answers to frequently asked questions for technical queries when taking a test Client Support Answers to frequently asked questions about our products, services and supporting documentation Contact Us Get help from ",K
SHL Personality Assessments,https://www.shl.com/products/assessments/personality-assessment/,"Personality Assessment Test For Hiring | SHL Search Outdated browser detected We recommend upgrading to a modern browser. If you choose to continue with your current browser we cannot guarantee your experience. I understand and wish to continue Latest browser options Careers Our Culture Our Teams Our People Join SHL Latest Jobs Contact Practice Tests Support Candidate Support Answers to frequently asked questions for technical queries when taking a test Client Support Answers to frequently asked questions about our products, services and supporting documentation Contact Us Get help from our su",K
SHL Motivational Questionnaire,https://www.shl.com/products/assessments/personality-assessment/shl-motivation-questionnaire-mq/,"Motivation Questionnaire | Motivation Assessment Test | SHL Search Outdated browser detected We recommend upgrading to a modern browser. If you choose to continue with your current browser we cannot guarantee your experience. I understand and wish to continue Latest browser options Careers Our Culture Our Teams Our People Join SHL Latest Jobs Contact Practice Tests Support Candidate Support Answers to frequently asked questions for technical queries when taking a test Client Support Answers to frequently asked questions about our products, services and supporting documentation Contact Us Get h",K
,https://www.shl.com/products/assessments/personality-assessment/shl-occupational-personality-questionnaire-opq/,"SHL Occupational Personality Questionnaire OPQ | SHL Search Outdated browser detected We recommend upgrading to a modern browser. If you choose to continue with your current browser we cannot guarantee your experience. I understand and wish to continue Latest browser options Careers Our Culture Our Teams Our People Join SHL Latest Jobs Contact Practice Tests Support Candidate Support Answers to frequently asked questions for technical queries when taking a test Client Support Answers to frequently asked questions about our products, services and supporting documentation Contact Us Get help fro",K
,https://www.shl.com/products/assessments/skills-and-simulations/,"Skills Assessment Test | Skills Assessment Tool | SHL Search Outdated browser detected We recommend upgrading to a modern browser. If you choose to continue with your current browser we cannot guarantee your experience. I understand and wish to continue Latest browser options Careers Our Culture Our Teams Our People Join SHL Latest Jobs Contact Practice Tests Support Candidate Support Answers to frequently asked questions for technical queries when taking a test Client Support Answers to frequently asked questions about our products, services and supporting documentation Contact Us Get help fr",K
Business Skills Assessment Tests for Deep Insights,https://www.shl.com/products/assessments/skills-and-simulations/business-skills/,"Business Skills Assessment Test | Computer Literacy Test | SHL Search Outdated browser detected We recommend upgrading to a modern browser. If you choose to continue with your current browser we cannot guarantee your experience. I understand and wish to continue Latest browser options Careers Our Culture Our Teams Our People Join SHL Latest Jobs Contact Practice Tests Support Candidate Support Answers to frequently asked questions for technical queries when taking a test Client Support Answers to frequently asked questions about our products, services and supporting documentation Contact Us Ge",K
Assess Agents in a Real Contact Center Environment,https://www.shl.com/products/assessments/skills-and-simulations/call-center-simulations/,"Virtual Call Center Simulation and Assessment Software | SHL Search Outdated browser detected We recommend upgrading to a modern browser. If you choose to continue with your current browser we cannot guarantee your experience. I understand and wish to continue Latest browser options Careers Our Culture Our Teams Our People Join SHL Latest Jobs Contact Practice Tests Support Candidate Support Answers to frequently asked questions for technical queries when taking a test Client Support Answers to frequently asked questions about our products, services and supporting documentation Contact Us Get ",K
SHL Coding Skills Assessment and Simulations,https://www.shl.com/products/assessments/skills-and-simulations/coding-simulations/,"Coding Simulations | Coding Skills Assessment | SHL Search Outdated browser detected We recommend upgrading to a modern browser. If you choose to continue with your current browser we cannot guarantee your experience. I understand and wish to continue Latest browser options Careers Our Culture Our Teams Our People Join SHL Latest Jobs Contact Practice Tests Support Candidate Support Answers to frequently asked questions for technical queries when taking a test Client Support Answers to frequently asked questions about our products, services and supporting documentation Contact Us Get help from",K
AI-powered Language Proficiency Tests,https://www.shl.com/products/assessments/skills-and-simulations/language-evaluation/,"Language Proficiency Test | Language Assessment | SHL Search Outdated browser detected We recommend upgrading to a modern browser. If you choose to continue with your current browser we cannot guarantee your experience. I understand and wish to continue Latest browser options Careers Our Culture Our Teams Our People Join SHL Latest Jobs Contact Practice Tests Support Candidate Support Answers to frequently asked questions for technical queries when taking a test Client Support Answers to frequently asked questions about our products, services and supporting documentation Contact Us Get help fr",K
"Fast, Simple Technical Skill Assessment",https://www.shl.com/products/assessments/skills-and-simulations/technical-skills/,"Technical Skill Assessment | Assess Technical Knowledge | SHL Search Outdated browser detected We recommend upgrading to a modern browser. If you choose to continue with your current browser we cannot guarantee your experience. I understand and wish to continue Latest browser options Careers Our Culture Our Teams Our People Join SHL Latest Jobs Contact Practice Tests Support Candidate Support Answers to frequently asked questions for technical queries when taking a test Client Support Answers to frequently asked questions about our products, services and supporting documentation Contact Us Get",K
Find assessments that best meet your needs.,https://www.shl.com/products/product-catalog/,"Talent Assessments Catalog | SHL Search Outdated browser detected We recommend upgrading to a modern browser. If you choose to continue with your current browser we cannot guarantee your experience. I understand and wish to continue Latest browser options Careers Our Culture Our Teams Our People Join SHL Latest Jobs Contact Practice Tests Support Candidate Support Answers to frequently asked questions for technical queries when taking a test Client Support Answers to frequently asked questions about our products, services and supporting documentation Contact Us Get help from our support teams ",K
Find assessments that best meet your needs.,https://www.shl.com/products/product-catalog/?start=12&type=1,"Talent Assessments Catalog | SHL Search Outdated browser detected We recommend upgrading to a modern browser. If you choose to continue with your current browser we cannot guarantee your experience. I understand and wish to continue Latest browser options Careers Our Culture Our Teams Our People Join SHL Latest Jobs Contact Practice Tests Support Candidate Support Answers to frequently asked questions for technical queries when taking a test Client Support Answers to frequently asked questions about our products, services and supporting documentation Contact Us Get help from our support teams ",K
Find assessments that best meet your needs.,https://www.shl.com/products/product-catalog/?start=12&type=2,"Talent Assessments Catalog | SHL Search Outdated browser detected We recommend upgrading to a modern browser. If you choose to continue with your current browser we cannot guarantee your experience. I understand and wish to continue Latest browser options Careers Our Culture Our Teams Our People Join SHL Latest Jobs Contact Practice Tests Support Candidate Support Answers to frequently asked questions for technical queries when taking a test Client Support Answers to frequently asked questions about our products, services and supporting documentation Contact Us Get help from our support teams ",K
Find assessments that best meet your needs.,https://www.shl.com/products/product-catalog/?start=132&type=2,"Talent Assessments Catalog | SHL Search Outdated browser detected We recommend upgrading to a modern browser. If you choose to continue with your current browser we cannot guarantee your experience. I understand and wish to continue Latest browser options Careers Our Culture Our Teams Our People Join SHL Latest Jobs Contact Practice Tests Support Candidate Support Answers to frequently asked questions for technical queries when taking a test Client Support Answers to frequently asked questions about our products, services and supporting documentation Contact Us Get help from our support teams ",K
Find assessments that best meet your needs.,https://www.shl.com/products/product-catalog/?start=24&type=1,"Talent Assessments Catalog | SHL Search Outdated browser detected We recommend upgrading to a modern browser. If you choose to continue with your current browser we cannot guarantee your experience. I understand and wish to continue Latest browser options Careers Our Culture Our Teams Our People Join SHL Latest Jobs Contact Practice Tests Support Candidate Support Answers to frequently asked questions for technical queries when taking a test Client Support Answers to frequently asked questions about our products, services and supporting documentation Contact Us Get help from our support teams ",K
Find assessments that best meet your needs.,https://www.shl.com/products/product-catalog/?start=24&type=2,"Talent Assessments Catalog | SHL Search Outdated browser detected We recommend upgrading to a modern browser. If you choose to continue with your current browser we cannot guarantee your experience. I understand and wish to continue Latest browser options Careers Our Culture Our Teams Our People Join SHL Latest Jobs Contact Practice Tests Support Candidate Support Answers to frequently asked questions for technical queries when taking a test Client Support Answers to frequently asked questions about our products, services and supporting documentation Contact Us Get help from our support teams ",K
Find assessments that best meet your needs.,https://www.shl.com/products/product-catalog/?start=372&type=1,"Talent Assessments Catalog | SHL Search Outdated browser detected We recommend upgrading to a modern browser. If you choose to continue with your current browser we cannot guarantee your experience. I understand and wish to continue Latest browser options Careers Our Culture Our Teams Our People Join SHL Latest Jobs Contact Practice Tests Support Candidate Support Answers to frequently asked questions for technical queries when taking a test Client Support Answers to frequently asked questions about our products, services and supporting documentation Contact Us Get help from our support teams ",K
Account Manager Solution,https://www.shl.com/products/product-catalog/view/account-manager-solution/,"Account Manager Solution  | SHL Search Outdated browser detected We recommend upgrading to a modern browser. If you choose to continue with your current browser we cannot guarantee your experience. I understand and wish to continue Latest browser options Careers Our Culture Our Teams Our People Join SHL Latest Jobs Contact Practice Tests Support Candidate Support Answers to frequently asked questions for technical queries when taking a test Client Support Answers to frequently asked questions about our products, services and supporting documentation Contact Us Get help from our support teams P",K
Accounts Payable (New),https://www.shl.com/products/product-catalog/view/accounts-payable-new/,"Accounts Payable (New) | SHL Search Outdated browser detected We recommend upgrading to a modern browser. If you choose to continue with your current browser we cannot guarantee your experience. I understand and wish to continue Latest browser options Careers Our Culture Our Teams Our People Join SHL Latest Jobs Contact Practice Tests Support Candidate Support Answers to frequently asked questions for technical queries when taking a test Client Support Answers to frequently asked questions about our products, services and supporting documentation Contact Us Get help from our support teams Prac",K
Accounts Payable Simulation (New),https://www.shl.com/products/product-catalog/view/accounts-payable-simulation-new/,"Accounts Payable Simulation (New) | SHL Search Outdated browser detected We recommend upgrading to a modern browser. If you choose to continue with your current browser we cannot guarantee your experience. I understand and wish to continue Latest browser options Careers Our Culture Our Teams Our People Join SHL Latest Jobs Contact Practice Tests Support Candidate Support Answers to frequently asked questions for technical queries when taking a test Client Support Answers to frequently asked questions about our products, services and supporting documentation Contact Us Get help from our support",K
Accounts Receivable (New),https://www.shl.com/products/product-catalog/view/accounts-receivable-new/,"Accounts Receivable (New) | SHL Search Outdated browser detected We recommend upgrading to a modern browser. If you choose to continue with your current browser we cannot guarantee your experience. I understand and wish to continue Latest browser options Careers Our Culture Our Teams Our People Join SHL Latest Jobs Contact Practice Tests Support Candidate Support Answers to frequently asked questions for technical queries when taking a test Client Support Answers to frequently asked questions about our products, services and supporting documentation Contact Us Get help from our support teams P",K
Accounts Receivable Simulation (New),https://www.shl.com/products/product-catalog/view/accounts-receivable-simulation-new/,"Accounts Receivable Simulation (New) | SHL Search Outdated browser detected We recommend upgrading to a modern browser. If you choose to continue with your current browser we cannot guarantee your experience. I understand and wish to continue Latest browser options Careers Our Culture Our Teams Our People Join SHL Latest Jobs Contact Practice Tests Support Candidate Support Answers to frequently asked questions for technical queries when taking a test Client Support Answers to frequently asked questions about our products, services and supporting documentation Contact Us Get help from our supp",K
Administrative Professional - Short Form,https://www.shl.com/products/product-catalog/view/administrative-professional-short-form/,"Administrative Professional - Short Form | SHL Search Outdated browser detected We recommend upgrading to a modern browser. If you choose to continue with your current browser we cannot guarantee your experience. I understand and wish to continue Latest browser options Careers Our Culture Our Teams Our People Join SHL Latest Jobs Contact Practice Tests Support Candidate Support Answers to frequently asked questions for technical queries when taking a test Client Support Answers to frequently asked questions about our products, services and supporting documentation Contact Us Get help from our ",K
ADO.NET (New),https://www.shl.com/products/product-catalog/view/ado-net-new/,"ADO.NET (New) | SHL Search Outdated browser detected We recommend upgrading to a modern browser. If you choose to continue with your current browser we cannot guarantee your experience. I understand and wish to continue Latest browser options Careers Our Culture Our Teams Our People Join SHL Latest Jobs Contact Practice Tests Support Candidate Support Answers to frequently asked questions for technical queries when taking a test Client Support Answers to frequently asked questions about our products, services and supporting documentation Contact Us Get help from our support teams Practice Site",K
Agency Manager Solution,https://www.shl.com/products/product-catalog/view/agency-manager-solution/,"Agency Manager Solution | SHL Search Outdated browser detected We recommend upgrading to a modern browser. If you choose to continue with your current browser we cannot guarantee your experience. I understand and wish to continue Latest browser options Careers Our Culture Our Teams Our People Join SHL Latest Jobs Contact Practice Tests Support Candidate Support Answers to frequently asked questions for technical queries when taking a test Client Support Answers to frequently asked questions about our products, services and supporting documentation Contact Us Get help from our support teams Pra",K
Apprentice + 8.0 Job Focused Assessment,https://www.shl.com/products/product-catalog/view/apprentice-8-0-job-focused-assessment-4261/,"Apprentice + 8.0 Job Focused Assessment | SHL Search Outdated browser detected We recommend upgrading to a modern browser. If you choose to continue with your current browser we cannot guarantee your experience. I understand and wish to continue Latest browser options Careers Our Culture Our Teams Our People Join SHL Latest Jobs Contact Practice Tests Support Candidate Support Answers to frequently asked questions for technical queries when taking a test Client Support Answers to frequently asked questions about our products, services and supporting documentation Contact Us Get help from our s",K
Apprentice 8.0 Job Focused Assessment,https://www.shl.com/products/product-catalog/view/apprentice-8-0-job-focused-assessment/,"Apprentice 8.0 Job Focused Assessment | SHL Search Outdated browser detected We recommend upgrading to a modern browser. If you choose to continue with your current browser we cannot guarantee your experience. I understand and wish to continue Latest browser options Careers Our Culture Our Teams Our People Join SHL Latest Jobs Contact Practice Tests Support Candidate Support Answers to frequently asked questions for technical queries when taking a test Client Support Answers to frequently asked questions about our products, services and supporting documentation Contact Us Get help from our sup",K
Bank Administrative Assistant - Short Form,https://www.shl.com/products/product-catalog/view/bank-administrative-assistant-short-form/,"Bank Administrative Assistant - Short Form | SHL Search Outdated browser detected We recommend upgrading to a modern browser. If you choose to continue with your current browser we cannot guarantee your experience. I understand and wish to continue Latest browser options Careers Our Culture Our Teams Our People Join SHL Latest Jobs Contact Practice Tests Support Candidate Support Answers to frequently asked questions for technical queries when taking a test Client Support Answers to frequently asked questions about our products, services and supporting documentation Contact Us Get help from ou",K
Bank Collections Agent - Short Form,https://www.shl.com/products/product-catalog/view/bank-collections-agent-short-form/,"Bank Collections Agent - Short Form | SHL Search Outdated browser detected We recommend upgrading to a modern browser. If you choose to continue with your current browser we cannot guarantee your experience. I understand and wish to continue Latest browser options Careers Our Culture Our Teams Our People Join SHL Latest Jobs Contact Practice Tests Support Candidate Support Answers to frequently asked questions for technical queries when taking a test Client Support Answers to frequently asked questions about our products, services and supporting documentation Contact Us Get help from our suppo",K
Bank Operations Supervisor - Short Form,https://www.shl.com/products/product-catalog/view/bank-operations-supervisor-short-form/,"Bank Operations Supervisor - Short Form | SHL Search Outdated browser detected We recommend upgrading to a modern browser. If you choose to continue with your current browser we cannot guarantee your experience. I understand and wish to continue Latest browser options Careers Our Culture Our Teams Our People Join SHL Latest Jobs Contact Practice Tests Support Candidate Support Answers to frequently asked questions for technical queries when taking a test Client Support Answers to frequently asked questions about our products, services and supporting documentation Contact Us Get help from our s",K
Bilingual Spanish Reservation Agent Solution,https://www.shl.com/products/product-catalog/view/bilingual-spanish-reservation-agent-solution/,"Bilingual Spanish Reservation Agent Solution | SHL Search Outdated browser detected We recommend upgrading to a modern browser. If you choose to continue with your current browser we cannot guarantee your experience. I understand and wish to continue Latest browser options Careers Our Culture Our Teams Our People Join SHL Latest Jobs Contact Practice Tests Support Candidate Support Answers to frequently asked questions for technical queries when taking a test Client Support Answers to frequently asked questions about our products, services and supporting documentation Contact Us Get help from ",K
"Bookkeeping, Accounting, Auditing Clerk Short Form",https://www.shl.com/products/product-catalog/view/bookkeeping-accounting-auditing-clerk-short-form/,"Bookkeeping, Accounting, Auditing Clerk Short Form | SHL Search Outdated browser detected We recommend upgrading to a modern browser. If you choose to continue with your current browser we cannot guarantee your experience. I understand and wish to continue Latest browser options Careers Our Culture Our Teams Our People Join SHL Latest Jobs Contact Practice Tests Support Candidate Support Answers to frequently asked questions for technical queries when taking a test Client Support Answers to frequently asked questions about our products, services and supporting documentation Contact Us Get help",K
Branch Manager - Short Form,https://www.shl.com/products/product-catalog/view/branch-manager-short-form/,"Branch Manager - Short Form | SHL Search Outdated browser detected We recommend upgrading to a modern browser. If you choose to continue with your current browser we cannot guarantee your experience. I understand and wish to continue Latest browser options Careers Our Culture Our Teams Our People Join SHL Latest Jobs Contact Practice Tests Support Candidate Support Answers to frequently asked questions for technical queries when taking a test Client Support Answers to frequently asked questions about our products, services and supporting documentation Contact Us Get help from our support teams",K
Cashier Solution,https://www.shl.com/products/product-catalog/view/cashier-solution/,"Cashier Solution | SHL Search Outdated browser detected We recommend upgrading to a modern browser. If you choose to continue with your current browser we cannot guarantee your experience. I understand and wish to continue Latest browser options Careers Our Culture Our Teams Our People Join SHL Latest Jobs Contact Practice Tests Support Candidate Support Answers to frequently asked questions for technical queries when taking a test Client Support Answers to frequently asked questions about our products, services and supporting documentation Contact Us Get help from our support teams Practice S",K
Global Skills Development Report,https://www.shl.com/products/product-catalog/view/global-skills-development-report/,"Global Skills Development Report  | SHL Search Outdated browser detected We recommend upgrading to a modern browser. If you choose to continue with your current browser we cannot guarantee your experience. I understand and wish to continue Latest browser options Careers Our Culture Our Teams Our People Join SHL Latest Jobs Contact Practice Tests Support Candidate Support Answers to frequently asked questions for technical queries when taking a test Client Support Answers to frequently asked questions about our products, services and supporting documentation Contact Us Get help from our support",K
.NET Framework 4.5,https://www.shl.com/products/product-catalog/view/net-framework-4-5/,".NET Framework 4.5 | SHL Search Outdated browser detected We recommend upgrading to a modern browser. If you choose to continue with your current browser we cannot guarantee your experience. I understand and wish to continue Latest browser options Careers Our Culture Our Teams Our People Join SHL Latest Jobs Contact Practice Tests Support Candidate Support Answers to frequently asked questions for technical queries when taking a test Client Support Answers to frequently asked questions about our products, services and supporting documentation Contact Us Get help from our support teams Practice",K
.NET MVC (New),https://www.shl.com/products/product-catalog/view/net-mvc-new/,".NET MVC (New) | SHL Search Outdated browser detected We recommend upgrading to a modern browser. If you choose to continue with your current browser we cannot guarantee your experience. I understand and wish to continue Latest browser options Careers Our Culture Our Teams Our People Join SHL Latest Jobs Contact Practice Tests Support Candidate Support Answers to frequently asked questions for technical queries when taking a test Client Support Answers to frequently asked questions about our products, services and supporting documentation Contact Us Get help from our support teams Practice Sit",K
.NET MVVM (New),https://www.shl.com/products/product-catalog/view/net-mvvm-new/,".NET MVVM (New) | SHL Search Outdated browser detected We recommend upgrading to a modern browser. If you choose to continue with your current browser we cannot guarantee your experience. I understand and wish to continue Latest browser options Careers Our Culture Our Teams Our People Join SHL Latest Jobs Contact Practice Tests Support Candidate Support Answers to frequently asked questions for technical queries when taking a test Client Support Answers to frequently asked questions about our products, services and supporting documentation Contact Us Get help from our support teams Practice Si",K
.NET WCF (New),https://www.shl.com/products/product-catalog/view/net-wcf-new/,".NET WCF (New) | SHL Search Outdated browser detected We recommend upgrading to a modern browser. If you choose to continue with your current browser we cannot guarantee your experience. I understand and wish to continue Latest browser options Careers Our Culture Our Teams Our People Join SHL Latest Jobs Contact Practice Tests Support Candidate Support Answers to frequently asked questions for technical queries when taking a test Client Support Answers to frequently asked questions about our products, services and supporting documentation Contact Us Get help from our support teams Practice Sit",K
.NET WPF (New),https://www.shl.com/products/product-catalog/view/net-wpf-new/,".NET WPF (New) | SHL Search Outdated browser detected We recommend upgrading to a modern browser. If you choose to continue with your current browser we cannot guarantee your experience. I understand and wish to continue Latest browser options Careers Our Culture Our Teams Our People Join SHL Latest Jobs Contact Practice Tests Support Candidate Support Answers to frequently asked questions for technical queries when taking a test Client Support Answers to frequently asked questions about our products, services and supporting documentation Contact Us Get help from our support teams Practice Sit",K
.NET XAML (New),https://www.shl.com/products/product-catalog/view/net-xaml-new/,".NET XAML (New) | SHL Search Outdated browser detected We recommend upgrading to a modern browser. If you choose to continue with your current browser we cannot guarantee your experience. I understand and wish to continue Latest browser options Careers Our Culture Our Teams Our People Join SHL Latest Jobs Contact Practice Tests Support Candidate Support Answers to frequently asked questions for technical queries when taking a test Client Support Answers to frequently asked questions about our products, services and supporting documentation Contact Us Get help from our support teams Practice Si",K
The Smarter Way to Interview Talent,https://www.shl.com/products/video-interviews/,"Video Interview | Video Interview Software | SHL Search Outdated browser detected We recommend upgrading to a modern browser. If you choose to continue with your current browser we cannot guarantee your experience. I understand and wish to continue Latest browser options Careers Our Culture Our Teams Our People Join SHL Latest Jobs Contact Practice Tests Support Candidate Support Answers to frequently asked questions for technical queries when taking a test Client Support Answers to frequently asked questions about our products, services and supporting documentation Contact Us Get help from ou",K
